Review ID,Platform,Rating,Author,Variant Purchased,Review Date,Sentiment,Defect Category,Defect Keywords,Helpful Votes,Has Media,Review Text
MOCK-SHO-1000,Shopee,1,user_a***0,Matte Black,2026-09-20,Critical / Defect,Item Broken / Defect,patah,24,Yes,"Barang mati total pas dicolok tidak menyala sama sekali! Tombol power patah. Sangat kecewa, minta retur dipersulit."
MOCK-SHO-1001,Shopee,1,user_b***1,Midnight Blue,2026-09-20,Critical / Defect,Packaging & Handling,remuk,19,Yes,"Packing hancur remuk di jalan, kardus sobek dan tanpa bubble wrap tebal! Produk lecet parah."
MOCK-SHO-1002,Shopee,2,user_c***2,Arctic Silver,2026-09-20,Critical / Defect,Inaccurate / Wrong Variant; Seller Service,salah barang; tidak mau tanggung jawab,14,No,Pesan warna Arctic Silver dikasih Matte Black! Salah barang dan seller tidak mau tanggung jawab pas dikomplain di chat.
MOCK-SHO-1003,Shopee,2,user_d***3,Matte Black,2026-09-20,Critical / Defect,Counterfeit / Authenticity,barang kw,18,No,"Hati-hati barang kw bukan original! Kualitas plastik murahan, suara kresek-kresek, beda jauh sama yang asli."
MOCK-SHO-1004,Shopee,3,user_e***4,Midnight Blue,2026-09-20,Neutral / Mixed,Inaccurate / Wrong Variant; Delayed Logistics,kekecilan; lama banget,10,Yes,Pengiriman lama banget seminggu lebih baru sampai. Busa telinga agak kekecilan dan bikin gerah setelah 1 jam pakai.
MOCK-SHO-1008,Shopee,1,user_i***8,Midnight Blue,2026-09-20,Critical / Defect,Item Broken / Defect,cacat,34,Yes,"Baterai drop parah! Baru dipakai 20 menit sudah mati, dicas 3 jam tidak nambah. Rusak cacat pabrik."
MOCK-SHO-1009,Shopee,3,user_j***9,Matte Black,2026-09-20,Neutral / Mixed,None,,8,No,Bluetooth sering disconnect kalau jarak lewat 3 meter. Mikrofon kurang jernih kalau dipakai telepon.
MOCK-SHO-1010,Shopee,1,user_k***0,Matte Black,2026-09-19,Critical / Defect,Item Broken / Defect,patah,24,Yes,"Barang mati total pas dicolok tidak menyala sama sekali! Tombol power patah. Sangat kecewa, minta retur dipersulit."
MOCK-SHO-1011,Shopee,1,user_l***1,Midnight Blue,2026-09-19,Critical / Defect,Packaging & Handling,remuk,19,Yes,"Packing hancur remuk di jalan, kardus sobek dan tanpa bubble wrap tebal! Produk lecet parah."
MOCK-SHO-1012,Shopee,2,user_m***2,Arctic Silver,2026-09-19,Critical / Defect,Inaccurate / Wrong Variant; Seller Service,salah barang; tidak mau tanggung jawab,14,No,Pesan warna Arctic Silver dikasih Matte Black! Salah barang dan seller tidak mau tanggung jawab pas dikomplain di chat.
MOCK-SHO-1013,Shopee,2,user_n***3,Matte Black,2026-09-19,Critical / Defect,Counterfeit / Authenticity,barang kw,18,No,"Hati-hati barang kw bukan original! Kualitas plastik murahan, suara kresek-kresek, beda jauh sama yang asli."
MOCK-SHO-1014,Shopee,3,user_o***4,Midnight Blue,2026-09-19,Neutral / Mixed,Inaccurate / Wrong Variant; Delayed Logistics,kekecilan; lama banget,10,Yes,Pengiriman lama banget seminggu lebih baru sampai. Busa telinga agak kekecilan dan bikin gerah setelah 1 jam pakai.
MOCK-SHO-1018,Shopee,1,user_s***8,Midnight Blue,2026-09-19,Critical / Defect,Item Broken / Defect,cacat,34,Yes,"Baterai drop parah! Baru dipakai 20 menit sudah mati, dicas 3 jam tidak nambah. Rusak cacat pabrik."
MOCK-SHO-1019,Shopee,3,user_t***9,Matte Black,2026-09-19,Neutral / Mixed,None,,8,No,Bluetooth sering disconnect kalau jarak lewat 3 meter. Mikrofon kurang jernih kalau dipakai telepon.
MOCK-SHO-1020,Shopee,1,user_u***0,Matte Black,2026-09-18,Critical / Defect,Item Broken / Defect,patah,24,Yes,"Barang mati total pas dicolok tidak menyala sama sekali! Tombol power patah. Sangat kecewa, minta retur dipersulit."
MOCK-SHO-1021,Shopee,1,user_v***1,Midnight Blue,2026-09-18,Critical / Defect,Packaging & Handling,remuk,19,Yes,"Packing hancur remuk di jalan, kardus sobek dan tanpa bubble wrap tebal! Produk lecet parah."
MOCK-SHO-1022,Shopee,2,user_w***2,Arctic Silver,2026-09-18,Critical / Defect,Inaccurate / Wrong Variant; Seller Service,salah barang; tidak mau tanggung jawab,14,No,Pesan warna Arctic Silver dikasih Matte Black! Salah barang dan seller tidak mau tanggung jawab pas dikomplain di chat.
MOCK-SHO-1023,Shopee,2,user_x***3,Matte Black,2026-09-18,Critical / Defect,Counterfeit / Authenticity,barang kw,18,No,"Hati-hati barang kw bukan original! Kualitas plastik murahan, suara kresek-kresek, beda jauh sama yang asli."
MOCK-SHO-1024,Shopee,3,user_y***4,Midnight Blue,2026-09-18,Neutral / Mixed,Inaccurate / Wrong Variant; Delayed Logistics,kekecilan; lama banget,10,Yes,Pengiriman lama banget seminggu lebih baru sampai. Busa telinga agak kekecilan dan bikin gerah setelah 1 jam pakai.
MOCK-SHO-1028,Shopee,1,user_c***8,Midnight Blue,2026-09-18,Critical / Defect,Item Broken / Defect,cacat,34,Yes,"Baterai drop parah! Baru dipakai 20 menit sudah mati, dicas 3 jam tidak nambah. Rusak cacat pabrik."
MOCK-SHO-1029,Shopee,3,user_d***9,Matte Black,2026-09-18,Neutral / Mixed,None,,8,No,Bluetooth sering disconnect kalau jarak lewat 3 meter. Mikrofon kurang jernih kalau dipakai telepon.
MOCK-SHO-1030,Shopee,1,user_e***0,Matte Black,2026-09-17,Critical / Defect,Item Broken / Defect,patah,24,Yes,"Barang mati total pas dicolok tidak menyala sama sekali! Tombol power patah. Sangat kecewa, minta retur dipersulit."
MOCK-SHO-1031,Shopee,1,user_f***1,Midnight Blue,2026-09-17,Critical / Defect,Packaging & Handling,remuk,19,Yes,"Packing hancur remuk di jalan, kardus sobek dan tanpa bubble wrap tebal! Produk lecet parah."
MOCK-SHO-1032,Shopee,2,user_g***2,Arctic Silver,2026-09-17,Critical / Defect,Inaccurate / Wrong Variant; Seller Service,salah barang; tidak mau tanggung jawab,14,No,Pesan warna Arctic Silver dikasih Matte Black! Salah barang dan seller tidak mau tanggung jawab pas dikomplain di chat.
MOCK-SHO-1033,Shopee,2,user_h***3,Matte Black,2026-09-17,Critical / Defect,Counterfeit / Authenticity,barang kw,18,No,"Hati-hati barang kw bukan original! Kualitas plastik murahan, suara kresek-kresek, beda jauh sama yang asli."
MOCK-SHO-1034,Shopee,3,user_i***4,Midnight Blue,2026-09-17,Neutral / Mixed,Inaccurate / Wrong Variant; Delayed Logistics,kekecilan; lama banget,10,Yes,Pengiriman lama banget seminggu lebih baru sampai. Busa telinga agak kekecilan dan bikin gerah setelah 1 jam pakai.
MOCK-SHO-1038,Shopee,1,user_m***8,Midnight Blue,2026-09-17,Critical / Defect,Item Broken / Defect,cacat,34,Yes,"Baterai drop parah! Baru dipakai 20 menit sudah mati, dicas 3 jam tidak nambah. Rusak cacat pabrik."
MOCK-SHO-1039,Shopee,3,user_n***9,Matte Black,2026-09-17,Neutral / Mixed,None,,8,No,Bluetooth sering disconnect kalau jarak lewat 3 meter. Mikrofon kurang jernih kalau dipakai telepon.
MOCK-SHO-1040,Shopee,1,user_o***0,Matte Black,2026-09-16,Critical / Defect,Item Broken / Defect,patah,24,Yes,"Barang mati total pas dicolok tidak menyala sama sekali! Tombol power patah. Sangat kecewa, minta retur dipersulit."
MOCK-SHO-1041,Shopee,1,user_p***1,Midnight Blue,2026-09-16,Critical / Defect,Packaging & Handling,remuk,19,Yes,"Packing hancur remuk di jalan, kardus sobek dan tanpa bubble wrap tebal! Produk lecet parah."
MOCK-SHO-1042,Shopee,2,user_q***2,Arctic Silver,2026-09-16,Critical / Defect,Inaccurate / Wrong Variant; Seller Service,salah barang; tidak mau tanggung jawab,14,No,Pesan warna Arctic Silver dikasih Matte Black! Salah barang dan seller tidak mau tanggung jawab pas dikomplain di chat.
MOCK-SHO-1043,Shopee,2,user_r***3,Matte Black,2026-09-16,Critical / Defect,Counterfeit / Authenticity,barang kw,18,No,"Hati-hati barang kw bukan original! Kualitas plastik murahan, suara kresek-kresek, beda jauh sama yang asli."
MOCK-SHO-1044,Shopee,3,user_s***4,Midnight Blue,2026-09-16,Neutral / Mixed,Inaccurate / Wrong Variant; Delayed Logistics,kekecilan; lama banget,10,Yes,Pengiriman lama banget seminggu lebih baru sampai. Busa telinga agak kekecilan dan bikin gerah setelah 1 jam pakai.
MOCK-SHO-1048,Shopee,1,user_w***8,Midnight Blue,2026-09-16,Critical / Defect,Item Broken / Defect,cacat,34,Yes,"Baterai drop parah! Baru dipakai 20 menit sudah mati, dicas 3 jam tidak nambah. Rusak cacat pabrik."
MOCK-SHO-1049,Shopee,3,user_x***9,Matte Black,2026-09-16,Neutral / Mixed,None,,8,No,Bluetooth sering disconnect kalau jarak lewat 3 meter. Mikrofon kurang jernih kalau dipakai telepon.
MOCK-SHO-1050,Shopee,1,user_y***0,Matte Black,2026-09-15,Critical / Defect,Item Broken / Defect,patah,24,Yes,"Barang mati total pas dicolok tidak menyala sama sekali! Tombol power patah. Sangat kecewa, minta retur dipersulit."
MOCK-SHO-1051,Shopee,1,user_z***1,Midnight Blue,2026-09-15,Critical / Defect,Packaging & Handling,remuk,19,Yes,"Packing hancur remuk di jalan, kardus sobek dan tanpa bubble wrap tebal! Produk lecet parah."
MOCK-SHO-1052,Shopee,2,user_a***2,Arctic Silver,2026-09-15,Critical / Defect,Inaccurate / Wrong Variant; Seller Service,salah barang; tidak mau tanggung jawab,14,No,Pesan warna Arctic Silver dikasih Matte Black! Salah barang dan seller tidak mau tanggung jawab pas dikomplain di chat.
MOCK-SHO-1053,Shopee,2,user_b***3,Matte Black,2026-09-15,Critical / Defect,Counterfeit / Authenticity,barang kw,18,No,"Hati-hati barang kw bukan original! Kualitas plastik murahan, suara kresek-kresek, beda jauh sama yang asli."
MOCK-SHO-1054,Shopee,3,user_c***4,Midnight Blue,2026-09-15,Neutral / Mixed,Inaccurate / Wrong Variant; Delayed Logistics,kekecilan; lama banget,10,Yes,Pengiriman lama banget seminggu lebih baru sampai. Busa telinga agak kekecilan dan bikin gerah setelah 1 jam pakai.
MOCK-SHO-1058,Shopee,1,user_g***8,Midnight Blue,2026-09-15,Critical / Defect,Item Broken / Defect,cacat,34,Yes,"Baterai drop parah! Baru dipakai 20 menit sudah mati, dicas 3 jam tidak nambah. Rusak cacat pabrik."
MOCK-SHO-1059,Shopee,3,user_h***9,Matte Black,2026-09-15,Neutral / Mixed,None,,8,No,Bluetooth sering disconnect kalau jarak lewat 3 meter. Mikrofon kurang jernih kalau dipakai telepon.
MOCK-SHO-1060,Shopee,1,user_i***0,Matte Black,2026-09-14,Critical / Defect,Item Broken / Defect,patah,24,Yes,"Barang mati total pas dicolok tidak menyala sama sekali! Tombol power patah. Sangat kecewa, minta retur dipersulit."
MOCK-SHO-1061,Shopee,1,user_j***1,Midnight Blue,2026-09-14,Critical / Defect,Packaging & Handling,remuk,19,Yes,"Packing hancur remuk di jalan, kardus sobek dan tanpa bubble wrap tebal! Produk lecet parah."
MOCK-SHO-1062,Shopee,2,user_k***2,Arctic Silver,2026-09-14,Critical / Defect,Inaccurate / Wrong Variant; Seller Service,salah barang; tidak mau tanggung jawab,14,No,Pesan warna Arctic Silver dikasih Matte Black! Salah barang dan seller tidak mau tanggung jawab pas dikomplain di chat.
MOCK-SHO-1063,Shopee,2,user_l***3,Matte Black,2026-09-14,Critical / Defect,Counterfeit / Authenticity,barang kw,18,No,"Hati-hati barang kw bukan original! Kualitas plastik murahan, suara kresek-kresek, beda jauh sama yang asli."
MOCK-SHO-1064,Shopee,3,user_m***4,Midnight Blue,2026-09-14,Neutral / Mixed,Inaccurate / Wrong Variant; Delayed Logistics,kekecilan; lama banget,10,Yes,Pengiriman lama banget seminggu lebih baru sampai. Busa telinga agak kekecilan dan bikin gerah setelah 1 jam pakai.
MOCK-SHO-1068,Shopee,1,user_q***8,Midnight Blue,2026-09-14,Critical / Defect,Item Broken / Defect,cacat,34,Yes,"Baterai drop parah! Baru dipakai 20 menit sudah mati, dicas 3 jam tidak nambah. Rusak cacat pabrik."
MOCK-SHO-1069,Shopee,3,user_r***9,Matte Black,2026-09-14,Neutral / Mixed,None,,8,No,Bluetooth sering disconnect kalau jarak lewat 3 meter. Mikrofon kurang jernih kalau dipakai telepon.
MOCK-SHO-1070,Shopee,1,user_s***0,Matte Black,2026-09-13,Critical / Defect,Item Broken / Defect,patah,24,Yes,"Barang mati total pas dicolok tidak menyala sama sekali! Tombol power patah. Sangat kecewa, minta retur dipersulit."
MOCK-SHO-1071,Shopee,1,user_t***1,Midnight Blue,2026-09-13,Critical / Defect,Packaging & Handling,remuk,19,Yes,"Packing hancur remuk di jalan, kardus sobek dan tanpa bubble wrap tebal! Produk lecet parah."
MOCK-SHO-1072,Shopee,2,user_u***2,Arctic Silver,2026-09-13,Critical / Defect,Inaccurate / Wrong Variant; Seller Service,salah barang; tidak mau tanggung jawab,14,No,Pesan warna Arctic Silver dikasih Matte Black! Salah barang dan seller tidak mau tanggung jawab pas dikomplain di chat.
MOCK-SHO-1073,Shopee,2,user_v***3,Matte Black,2026-09-13,Critical / Defect,Counterfeit / Authenticity,barang kw,18,No,"Hati-hati barang kw bukan original! Kualitas plastik murahan, suara kresek-kresek, beda jauh sama yang asli."
MOCK-SHO-1074,Shopee,3,user_w***4,Midnight Blue,2026-09-13,Neutral / Mixed,Inaccurate / Wrong Variant; Delayed Logistics,kekecilan; lama banget,10,Yes,Pengiriman lama banget seminggu lebih baru sampai. Busa telinga agak kekecilan dan bikin gerah setelah 1 jam pakai.
MOCK-SHO-1078,Shopee,1,user_a***8,Midnight Blue,2026-09-13,Critical / Defect,Item Broken / Defect,cacat,34,Yes,"Baterai drop parah! Baru dipakai 20 menit sudah mati, dicas 3 jam tidak nambah. Rusak cacat pabrik."
MOCK-SHO-1079,Shopee,3,user_b***9,Matte Black,2026-09-13,Neutral / Mixed,None,,8,No,Bluetooth sering disconnect kalau jarak lewat 3 meter. Mikrofon kurang jernih kalau dipakai telepon.
MOCK-SHO-1080,Shopee,1,user_c***0,Matte Black,2026-09-12,Critical / Defect,Item Broken / Defect,patah,24,Yes,"Barang mati total pas dicolok tidak menyala sama sekali! Tombol power patah. Sangat kecewa, minta retur dipersulit."
MOCK-SHO-1081,Shopee,1,user_d***1,Midnight Blue,2026-09-12,Critical / Defect,Packaging & Handling,remuk,19,Yes,"Packing hancur remuk di jalan, kardus sobek dan tanpa bubble wrap tebal! Produk lecet parah."
MOCK-SHO-1082,Shopee,2,user_e***2,Arctic Silver,2026-09-12,Critical / Defect,Inaccurate / Wrong Variant; Seller Service,salah barang; tidak mau tanggung jawab,14,No,Pesan warna Arctic Silver dikasih Matte Black! Salah barang dan seller tidak mau tanggung jawab pas dikomplain di chat.
MOCK-SHO-1083,Shopee,2,user_f***3,Matte Black,2026-09-12,Critical / Defect,Counterfeit / Authenticity,barang kw,18,No,"Hati-hati barang kw bukan original! Kualitas plastik murahan, suara kresek-kresek, beda jauh sama yang asli."
MOCK-SHO-1084,Shopee,3,user_g***4,Midnight Blue,2026-09-12,Neutral / Mixed,Inaccurate / Wrong Variant; Delayed Logistics,kekecilan; lama banget,10,Yes,Pengiriman lama banget seminggu lebih baru sampai. Busa telinga agak kekecilan dan bikin gerah setelah 1 jam pakai.
MOCK-SHO-1088,Shopee,1,user_k***8,Midnight Blue,2026-09-12,Critical / Defect,Item Broken / Defect,cacat,34,Yes,"Baterai drop parah! Baru dipakai 20 menit sudah mati, dicas 3 jam tidak nambah. Rusak cacat pabrik."
MOCK-SHO-1089,Shopee,3,user_l***9,Matte Black,2026-09-12,Neutral / Mixed,None,,8,No,Bluetooth sering disconnect kalau jarak lewat 3 meter. Mikrofon kurang jernih kalau dipakai telepon.
MOCK-SHO-1090,Shopee,1,user_m***0,Matte Black,2026-09-11,Critical / Defect,Item Broken / Defect,patah,24,Yes,"Barang mati total pas dicolok tidak menyala sama sekali! Tombol power patah. Sangat kecewa, minta retur dipersulit."
MOCK-SHO-1091,Shopee,1,user_n***1,Midnight Blue,2026-09-11,Critical / Defect,Packaging & Handling,remuk,19,Yes,"Packing hancur remuk di jalan, kardus sobek dan tanpa bubble wrap tebal! Produk lecet parah."
MOCK-SHO-1092,Shopee,2,user_o***2,Arctic Silver,2026-09-11,Critical / Defect,Inaccurate / Wrong Variant; Seller Service,salah barang; tidak mau tanggung jawab,14,No,Pesan warna Arctic Silver dikasih Matte Black! Salah barang dan seller tidak mau tanggung jawab pas dikomplain di chat.
MOCK-SHO-1093,Shopee,2,user_p***3,Matte Black,2026-09-11,Critical / Defect,Counterfeit / Authenticity,barang kw,18,No,"Hati-hati barang kw bukan original! Kualitas plastik murahan, suara kresek-kresek, beda jauh sama yang asli."
MOCK-SHO-1094,Shopee,3,user_q***4,Midnight Blue,2026-09-11,Neutral / Mixed,Inaccurate / Wrong Variant; Delayed Logistics,kekecilan; lama banget,10,Yes,Pengiriman lama banget seminggu lebih baru sampai. Busa telinga agak kekecilan dan bikin gerah setelah 1 jam pakai.
MOCK-SHO-1098,Shopee,1,user_u***8,Midnight Blue,2026-09-11,Critical / Defect,Item Broken / Defect,cacat,34,Yes,"Baterai drop parah! Baru dipakai 20 menit sudah mati, dicas 3 jam tidak nambah. Rusak cacat pabrik."
MOCK-SHO-1099,Shopee,3,user_v***9,Matte Black,2026-09-11,Neutral / Mixed,None,,8,No,Bluetooth sering disconnect kalau jarak lewat 3 meter. Mikrofon kurang jernih kalau dipakai telepon.
